No,Local Hostname,Local Interface,Local Platform,Remote Hostname,Remote Interface,Remote Platform,Capability
9,BMDC-CORE-01,Eth1/10,,BMDC-EGSW-IC-01.bankmayapada.local,Gig1/0/23,WS-C3850-24T,R S I
10,BMDC-CORE-02,Eth1/10,,BMDC-EGSW-IC-01.bankmayapada.local,Gig1/0/24,WS-C3850-24T,R S I
9,BMDC-CORE-01,Eth1/11,,BMDC-DIST-MT1.bankmayapada.local,Ten1/1/3,WS-C3850-24T,R S I
10,BMDC-CORE-02,Eth1/11,,BMDC-EGSW-EC-01.bankmayapada.local,Gig1/0/24,WS-C3850-24T,R S I
9,BMDC-CORE-01,Eth1/12,,BMDC-CORE-02.bankmayapada.local(FXS2136Q11W),Eth1/3,N77-C7706,R S I s
10,BMDC-CORE-02,Eth1/12,,BMDC-EGSW-EC-01.bankmayapada.local,Gig2/0/24,WS-C3850-24T,R S I
9,BMDC-CORE-01,Eth1/13,,BMDC-CORE-02.bankmayapada.local(FXS2136Q11W),Eth1/9,N77-C7706,R S I s
10,BMDC-CORE-02,Eth1/13,,BMDC-EGSW-EXT-01.bankmayapada.local,Gig1/0/24,WS-C3850-24T,R S I
9,BMDC-CORE-01,Eth1/15,,BMDC-EGSW-WAN.bankmayapada.local,Gig1/0/23,WS-C3850-24T,R S I
10,BMDC-CORE-02,Eth1/15,,BMDC-EGSW-WAN.bankmayapada.local,Gig1/0/24,WS-C3850-24T,R S I
9,BMDC-CORE-01,Eth1/16,,BMDC-OTV-01.bankmayapada.local(FXS1943Q3EM),Eth1/42,N77-C7706,R S s
10,BMDC-CORE-02,Eth1/16,,BMDC-DIST-MT1.bankmayapada.local,Ten1/1/4,WS-C3850-24T,R S I
3,BMDC-AGGSVR-01,Eth1/18,,BMDC-AGGSVR-02.bankmayapada.local(FXS2136Q11W),Eth1/35,N77-C7706,R S s
3,BMDC-AGGSVR-01,Eth1/20,,BMDC-AGGSVR-02.bankmayapada.local(FXS2136Q11W),Eth1/36,N77-C7706,R S s
3,BMDC-AGGSVR-01,Eth1/21,,BMDC-ACCSVR-N9K-RAKC1(FDO213317J8),Eth1/50,N9K-C93108TC-,R S I s
3,BMDC-AGGSVR-01,Eth1/22,,BMDC-AGGSVR-02.bankmayapada.local(FXS2136Q11W),Eth1/37,N77-C7706,R S I s
3,BMDC-AGGSVR-01,Eth1/24,,BMDC-AGGSVR-02.bankmayapada.local(FXS2136Q11W),Eth1/38,N77-C7706,R S I s
3,BMDC-AGGSVR-01,Eth1/28,,BMDC-OTV-01.bankmayapada.local(FXS1943Q3EM),Eth1/43,N77-C7706,R S I s
4,BMDC-AGGSVR-02,Eth1/28,,SW-RAKC4-15.bankmayapada.local,Gig1/0/48,WS-C2960X-48T,S I
9,BMDC-CORE-01,Eth1/3,,BMDC-OTV-01.bankmayapada.local(FXS1943Q3EM),Eth1/41,N77-C7706,R S s
10,BMDC-CORE-02,Eth1/3,,BMDC-CORE-01.bankmayapada.local(FXS1943Q3EM),Eth1/12,N77-C7706,R S I s
3,BMDC-AGGSVR-01,Eth1/30,,SW-RAKC4-15.bankmayapada.local,Gig1/0/47,WS-C2960X-48T,S I
4,BMDC-AGGSVR-02,Eth1/30,,BMDC-ACCSVR-N9K-RAKC1(FDO213317J8),Eth1/49,N9K-C93108TC-,R S I s
4,BMDC-AGGSVR-02,Eth1/31,,BMDC-ACCSVR-N9K-RAKD1(FDO213317JS),Eth1/50,N9K-C93108TC-,R S I s
3,BMDC-AGGSVR-01,Eth1/35,,BMDC-OTV-01.bankmayapada.local(FXS1943Q3EM),Eth1/44,N77-C7706,R S I s
4,BMDC-AGGSVR-02,Eth1/35,,BMDC-AGGSVR-01.bankmayapada.local(FXS1943Q3EM),Eth1/18,N77-C7706,R S s
4,BMDC-AGGSVR-02,Eth1/36,,BMDC-AGGSVR-01.bankmayapada.local(FXS1943Q3EM),Eth1/20,N77-C7706,R S s
4,BMDC-AGGSVR-02,Eth1/37,,BMDC-AGGSVR-01.bankmayapada.local(FXS1943Q3EM),Eth1/22,N77-C7706,R S I s
3,BMDC-AGGSVR-01,Eth1/38,,BMDC-ACCSVR-N9K-RAKD1(FDO213317JS),Eth1/49,N9K-C93108TC-,R S I s
4,BMDC-AGGSVR-02,Eth1/38,,BMDC-AGGSVR-01.bankmayapada.local(FXS1943Q3EM),Eth1/24,N77-C7706,R S I s
9,BMDC-CORE-01,Eth1/4,,BMDC-EGSW-DEV-01.bankmayapada.local,Gig0/1,WS-C3560-24PS,R S I
3,BMDC-AGGSVR-01,Eth1/40,,BMDC-SW-RAK-D1.bankmayapada.local,Gig1/0/47,WS-C2960X-48T,S I
4,BMDC-AGGSVR-02,Eth1/40,,BMDC-OTV-02.bankmayapada.local(FXS2136Q11W),Eth1/44,N77-C7706,R S I s
26,BMDC-OTV-01,Eth1/41,,BMDC-CORE-01.bankmayapada.local(FXS1943Q3EM),Eth1/3,N77-C7706,R S s
27,BMDC-OTV-02,Eth1/41,,BMDC-CORE-02.bankmayapada.local(FXS2136Q11W),Eth1/5,N77-C7706,R S s
26,BMDC-OTV-01,Eth1/42,,BMDC-CORE-01.bankmayapada.local(FXS1943Q3EM),Eth1/16,N77-C7706,R S s
27,BMDC-OTV-02,Eth1/42,,BMDC-CORE-02.bankmayapada.local(FXS2136Q11W),Eth1/6,N77-C7706,R S s
26,BMDC-OTV-01,Eth1/43,,BMDC-AGGSVR-01.bankmayapada.local(FXS1943Q3EM),Eth1/28,N77-C7706,R S I s
26,BMDC-OTV-01,Eth1/44,,BMDC-AGGSVR-01.bankmayapada.local(FXS1943Q3EM),Eth1/35,N77-C7706,R S I s
27,BMDC-OTV-02,Eth1/44,,BMDC-AGGSVR-02.bankmayapada.local(FXS2136Q11W),Eth1/40,N77-C7706,R S I s
1,BMDC-ACCSVR-N9K-RAKC1,Eth1/49,,BMDC-AGGSVR-02.bankmayapada.local(FXS2136Q11W),Eth1/30,N77-C7706,R S I s
2,BMDC-ACCSVR-N9K-RAKD1,Eth1/49,,BMDC-AGGSVR-01.bankmayapada.local(FXS1943Q3EM),Eth1/38,N77-C7706,R S I s
9,BMDC-CORE-01,Eth1/5,,BMDC-EGSW-EXT-01.bankmayapada.local,Gig1/0/23,WS-C3850-24T,R S I
10,BMDC-CORE-02,Eth1/5,,BMDC-OTV-02.bankmayapada.local(FXS2136Q11W),Eth1/41,N77-C7706,R S s
1,BMDC-ACCSVR-N9K-RAKC1,Eth1/50,,BMDC-AGGSVR-01.bankmayapada.local(FXS1943Q3EM),Eth1/21,N77-C7706,R S I s
2,BMDC-ACCSVR-N9K-RAKD1,Eth1/50,,BMDC-AGGSVR-02.bankmayapada.local(FXS2136Q11W),Eth1/31,N77-C7706,R S I s
10,BMDC-CORE-02,Eth1/6,,BMDC-OTV-02.bankmayapada.local(FXS2136Q11W),Eth1/42,N77-C7706,R S s
10,BMDC-CORE-02,Eth1/7,,BMDC-EGSW-DEV-01.bankmayapada.local,Gig0/2,WS-C3560-24PS,R S I
9,BMDC-CORE-01,Eth1/8,,BMDC-EGSW-EC-01.bankmayapada.local,Gig2/0/23,WS-C3850-24T,R S I
10,BMDC-CORE-02,Eth1/8,,BMDRC-CORE01(JAF1801ARAG),Eth4/1,N7K-C7009,R S s
9,BMDC-CORE-01,Eth1/9,,BMDC-EGSW-EC-01.bankmayapada.local,Gig1/0/23,WS-C3850-24T,R S I
10,BMDC-CORE-02,Eth1/9,,BMDC-CORE-01.bankmayapada.local(FXS1943Q3EM),Eth1/13,N77-C7706,R S I s
3,BMDC-AGGSVR-01,Eth101/1/1,,SW-TORBIFDC-01.bankmayapada.local,Gig1/0/23,C1000-24T-4X-,S I
4,BMDC-AGGSVR-02,Eth101/1/1,,SW-TORBIFDC-01.bankmayapada.local,Gig1/0/23,C1000-24T-4X-,S I
3,BMDC-AGGSVR-01,Eth101/1/2,,SW-TORBIFDC-01.bankmayapada.local,Gig1/0/24,C1000-24T-4X-,S I
4,BMDC-AGGSVR-02,Eth101/1/2,,SW-TORBIFDC-01.bankmayapada.local,Gig1/0/24,C1000-24T-4X-,S I
3,BMDC-AGGSVR-01,Eth101/1/3,,SW-TORBIFDC-02.bankmayapada.local,Gig1/0/23,C1000-24T-4X-,S I
4,BMDC-AGGSVR-02,Eth101/1/3,,SW-TORBIFDC-02.bankmayapada.local,Gig1/0/23,C1000-24T-4X-,S I
3,BMDC-AGGSVR-01,Eth101/1/4,,SW-TORBIFDC-02.bankmayapada.local,Gig1/0/24,C1000-24T-4X-,S I
4,BMDC-AGGSVR-02,Eth101/1/4,,SW-TORBIFDC-02.bankmayapada.local,Gig1/0/24,C1000-24T-4X-,S I
3,BMDC-AGGSVR-01,Eth104/1/5,,a46c2aebfda4,eth0,SNS-3415-K9,H
4,BMDC-AGGSVR-02,Eth104/1/5,,a46c2aebfda4,eth0,SNS-3415-K9,H
46,BMDRC-CORE01,Eth3/10,,BMDRC-EDGE01.bankmayapada.local,Gig1/0/23,WS-C3850-24T,R S I
46,BMDRC-CORE01,Eth3/2,,BMDRC-AGGRSVR01.bankmayapada.local(JAF1801ARAG),Eth3/25,N7K-C7009,R S s
49,BMDRC-OTV01,Eth3/21,,BMDRC-CORE01(JAF1801ARAG),Eth3/8,N7K-C7009,R S s
49,BMDRC-OTV01,Eth3/22,,BMDRC-AGGRSVR01.bankmayapada.local(JAF1801ARAG),Eth3/28,N7K-C7009,R S I s
45,BMDRC-AGGRSVR01,Eth3/25,,BMDRC-CORE01(JAF1801ARAG),Eth3/2,N7K-C7009,R S s
45,BMDRC-AGGRSVR01,Eth3/26,,BMDRC-ACCSVR01-RAK-D07.bankmayapada.loca,Gig1/0/49,WS-C2960S-48T,S I
45,BMDRC-AGGRSVR01,Eth3/27,,BMDRC-ACCSVR02-RAK-D06.bankmayapada.loca,Gig1/0/47,WS-C2960X-48T,S I
45,BMDRC-AGGRSVR01,Eth3/28,,BMDRC-OTV01.bankmayapada.local(JAF1801ARAG),Eth3/22,N7K-C7009,R S I s
45,BMDRC-AGGRSVR01,Eth3/29,,BMDRC-ACCSVR-RAKC5.bankmayapada.local,Gig1/0/48,WS-C2960X-48T,S I
45,BMDRC-AGGRSVR01,Eth3/30,,BMDRC-ACCSVR04-RAKC6.bankmayapada.local,Gig1/0/47,WS-C2960X-48T,S I
46,BMDRC-CORE01,Eth3/8,,BMDRC-OTV01.bankmayapada.local(JAF1801ARAG),Eth3/21,N7K-C7009,R S s
46,BMDRC-CORE01,Eth4/1,,BMDC-CORE-02.bankmayapada.local(FXS2136Q11W),Eth1/8,N77-C7706,R S s
46,BMDRC-CORE01,Eth4/10,,BMDRC-EDGE01.bankmayapada.local,Gig1/0/24,WS-C3850-24T,R S I
46,BMDRC-CORE01,Eth4/2,,BMDRC-AGGRSVR01.bankmayapada.local(JAF1801ARAG),Eth4/25,N7K-C7009,R S s
49,BMDRC-OTV01,Eth4/21,,BMDRC-CORE01(JAF1801ARAG),Eth4/8,N7K-C7009,R S s
49,BMDRC-OTV01,Eth4/22,,BMDRC-AGGRSVR01.bankmayapada.local(JAF1801ARAG),Eth4/28,N7K-C7009,R S I s
45,BMDRC-AGGRSVR01,Eth4/25,,BMDRC-CORE01(JAF1801ARAG),Eth4/2,N7K-C7009,R S s
45,BMDRC-AGGRSVR01,Eth4/26,,BMDRC-ACCSVR01-RAK-D07.bankmayapada.loca,Gig1/0/50,WS-C2960S-48T,S I
45,BMDRC-AGGRSVR01,Eth4/27,,BMDRC-ACCSVR02-RAK-D06.bankmayapada.loca,Gig1/0/48,WS-C2960X-48T,S I
45,BMDRC-AGGRSVR01,Eth4/28,,BMDRC-OTV01.bankmayapada.local(JAF1801ARAG),Eth4/22,N7K-C7009,R S I s
45,BMDRC-AGGRSVR01,Eth4/29,,BMDRC-ACCSVR-RAKC5.bankmayapada.local,Gig1/0/47,WS-C2960X-48T,S I
45,BMDRC-AGGRSVR01,Eth4/30,,BMDRC-ACCSVR04-RAKC6.bankmayapada.local,Gig1/0/48,WS-C2960X-48T,S I
46,BMDRC-CORE01,Eth4/8,,BMDRC-OTV01.bankmayapada.local(JAF1801ARAG),Eth4/21,N7K-C7009,R S s
14,BMDC-EC-IC-IB-OUT,Fas 0,,BMDC-SW-MGMT-RAK-B1.bankmayapada.local,Gig 1/0/27,WS-C2960X,S I
24,BMDC-F5-ISP-OUT,Fas 0,,BMDC-SW-DATACENTER.bankmayapada.local,Gig 1/0/35,WS-C2960S,S I
30,BMDC-RAK-D1-DEV,Fas 0,,BMDC-SW-MGMT-RAK-B1.bankmayapada.local,Gig 1/0/19,WS-C2960X,S I
34,BMDC-SW-EC-DMZ,Fas 0,,BMDC-SW-MGMT-RAK-B1.bankmayapada.local,Gig 1/0/22,WS-C2960X,S I
35,BMDC-SW-EXT-DMZ,Fas 0,,BMDC-SW-DATACENTER.bankmayapada.local,Gig 1/0/30,WS-C2960S,S I
36,BMDC-SW-EXT-OUT,Fas 0,,BMDC-MGMT-A3.bankmayapada.local,Gig 1/0/12,WS-C2960X,S I
37,BMDC-SW-IC-DMZ,Fas 0,,BMDC-SW-DATACENTER.bankmayapada.local,Gig 1/0/23,WS-C2960S,S I
38,BMDC-SW-ISP-EC,Fas 0,,BMDC-SW-DATACENTER.bankmayapada.local,Gig 1/0/12,WS-C2960S,S I
40,BMDC-SW-RAK-D1,Fas 0,,BMDC-SW-MGMT-RAK-B1.bankmayapada.local,Gig 1/0/16,WS-C2960X,S I
41,BMDRC-ACCSVR-RAKC5,Fas 0,,BMDRC-ACCSVR01-RAK-D07.bankmayapada.loca,Gig 1/0/37,WS-C2960S,S I
43,BMDRC-ACCSVR02-RAK-D06,Fas 0,,BMDRC-ACCSVR01-RAK-D07.bankmayapada.loca,Gig 1/0/39,WS-C2960S,S I
44,BMDRC-ACCSVR04-RAKC6,Fas 0,,BMDRC-ACCSVR01-RAK-D07.bankmayapada.loca,Gig 1/0/38,WS-C2960S,S I
48,BMDRC-EXT-INT-RAK-D7,Fas 0,,BMDRC-ACCSVR01-RAK-D07.bankmayapada.loca,Gig 1/0/43,WS-C2960S,S I
53,BMDRC-SW-EC-DMZ-RAKC6,Fas 0,,BMDRC-ACCSVR01-RAK-D07.bankmayapada.loca,Gig 1/0/36,WS-C2960S,S I
54,BMDRC-SW-EC-OUT,Fas 0,,BMDRC-ACCSVR01-RAK-D07.bankmayapada.loca,Gig 1/0/35,WS-C2960S,S I
78,SW-JTPM,Fas 0,,BMDC-MGMT-A3.bankmayapada.local,Gig 1/0/4,WS-C2960X,S I
90,SW-RAKC4-15,Fas 0,,BMDC-SW-MGMT-RAK-B1.bankmayapada.local,Gig 1/0/6,WS-C2960X,S I
76,MYPD-STARLINK,Fas 0/1/0,0x3,BMDC-SW-EXT-OUT.bankmayapada.local,Gig 1/0/30,WS-C2960X,S I
51,BMDRC-RTRH2H01,Fas 0/1/1,Single,BMDRC-EXT-INT-RAK-D7.bankmayapada.local,Gig 1/0/38,WS-C2960X,S I
76,MYPD-STARLINK,Fas 0/1/1,0x3,BMDC-MGMT-A3.bankmayapada.local,Gig 1/0/14,WS-C2960X,S I
51,BMDRC-RTRH2H01,Fas 0/2/0,Single,BMDRC-EXT-INT-RAK-D7.bankmayapada.local,Gig 1/0/40,WS-C2960X,S I
51,BMDRC-RTRH2H01,Fas 0/3/0,Single,DRC-MAYAPADA-SD-LA,Gig 0/1/0,C8200-1N-,R S I
51,BMDRC-RTRH2H01,Fas 0/3/1,Single,DRC-MAYAPADA-SD-TLK,Gig 0/1/0,C8200-1N-,R S I
15,BMDC-EC-RTR-01,Gig 0,ISR4431/K9,BMDC-MGMT-A3.bankmayapada.local,Gig 1/0/44,WS-C2960X,S I
16,BMDC-EC-RTR-IB,Gig 0,ISR4431/K9,BMDC-MGMT-A3.bankmayapada.local,Gig 1/0/43,WS-C2960X,S I
28,BMDC-P2P-01,Gig 0,ISR4431/K9,BMDC-MGMT-A3.bankmayapada.local,Gig 1/0/46,WS-C2960X,S I
29,BMDC-P2P-02,Gig 0,ISR4431/K9,BMDC-MGMT-A3.bankmayapada.local,Gig 1/0/40,WS-C2960X,S I
31,BMDC-RTRWAN-01,Gig 0,ISR4431/K9,BMDC-MGMT-A3.bankmayapada.local,Gig 1/0/1,WS-C2960X,S I
32,BMDC-RTRWAN-03,Gig 0,ISR4431/K9,BMDC-MGMT-A3.bankmayapada.local,Gig 1/0/2,WS-C2960X,S I
50,BMDRC-RTR-EC-01,Gig 0,ISR4431/K9,BMDRC-ACCSVR01-RAK-D07.bankmayapada.loca,Gig 1/0/34,WS-C2960S,S I
52,BMDRC-RTRWAN01,Gig 0,ISR4431/K9,BMDRC-ACCSVR01-RAK-D07.bankmayapada.loca,Gig 1/0/40,WS-C2960S,S I
71,MYPD-BH-EXT-DIMO,Gig 0,ISR4321/K9,BMDC-MGMT-A3.bankmayapada.local,Gig 1/0/11,WS-C2960X,S I
75,MYPD-SGO,Gig 0,ISR4321/K9,BMDC-MGMT-A3.bankmayapada.local,Gig 1/0/5,WS-C2960X,S I
77,MYPD-TIFHONE,Gig 0,ISR4321/K9,BMDC-MGMT-A3.bankmayapada.local,Gig 1/0/6,WS-C2960X,S I
13,BMDC-DIST-MT1,Gig 0/0,,BMDC-SW-DATACENTER.bankmayapada.local,Gig 1/0/31,WS-C2960S,S I
20,BMDC-EGSW-EC-01,Gig 0/0,,BMDC-SW-MGMT-RAK-B1.bankmayapada.local,Gig 1/0/25,WS-C2960X,S I
21,BMDC-EGSW-EXT-01,Gig 0/0,,BMDC-SW-MGMT-RAK-B1.bankmayapada.local,Gig 1/0/36,WS-C2960X,S I
22,BMDC-EGSW-IC-01,Gig 0/0,Mac,BMDC-SW-MGMT-RAK-B1.bankmayapada.local,Gig 1/0/30,WS-C2960X,S I
23,BMDC-EGSW-WAN,Gig 0/0,Mac,BMDC-SW-MGMT-RAK-B1.bankmayapada.local,Gig 1/0/33,WS-C2960X,S I
47,BMDRC-EDGE01,Gig 0/0,,BMDRC-ACCSVR01-RAK-D07.bankmayapada.loca,Gig 1/0/46,WS-C2960S,S I
51,BMDRC-RTRH2H01,Gig 0/0,Single,BMDRC-EDGE01.bankmayapada.local,Gig 1/0/7,WS-C3850-,R S I
28,BMDC-P2P-01,Gig 0/0/0,ISR4431/K9,BMDC-EGSW-WAN.bankmayapada.local,Gig 1/0/2,WS-C3850-,R S I
29,BMDC-P2P-02,Gig 0/0/0,ISR4431/K9,BMDC-EGSW-WAN.bankmayapada.local,Gig 1/0/5,WS-C3850-,R S I
31,BMDC-RTRWAN-01,Gig 0/0/0,ISR4431/K9,BMDC-EGSW-WAN.bankmayapada.local,Gig 1/0/1,WS-C3850-,R S I
32,BMDC-RTRWAN-03,Gig 0/0/0,ISR4431/K9,BMDC-EGSW-WAN.bankmayapada.local,Gig 1/0/6,WS-C3850-,R S I
52,BMDRC-RTRWAN01,Gig 0/0/0,ISR4431/K9,BMDRC-EDGE01.bankmayapada.local,Gig 1/0/11,WS-C3850-,R S I
28,BMDC-P2P-01,Gig 0/0/1,ISR4431/K9,CORE-MT2.bankmayapada.local,Gig 1/0/1,WS-C3850-,R S I
29,BMDC-P2P-02,Gig 0/0/1,ISR4431/K9,CORE-MT2.bankmayapada.local,Gig 1/0/2,WS-C3850-,R S I
52,BMDRC-RTRWAN01,Gig 0/0/1,ISR4431/K9,BMDRC-EDGE01.bankmayapada.local,Gig 1/0/12,WS-C3850-,R S I
75,MYPD-SGO,Gig 0/0/1,ISR4321/K9,BMDC-P2P-01.bankmayapada.local,Gig 0/0/3,ISR4431/K,R S I
28,BMDC-P2P-01,Gig 0/0/2,ISR4431/K9,MikroTik,br-1465/ether2==>CRT200100277,MikroTik,R
28,BMDC-P2P-01,Gig 0/0/2,ISR4431/K9,CCPL-RTR.bankmayapada.local,Gig 0/1,CISCO2901,R B S
28,BMDC-P2P-01,Gig 0/0/3,ISR4431/K9,MYPD-SGO.bankmayapada.local,Gig 0/0/1,ISR4321/K,R S I
51,BMDRC-RTRH2H01,Gig 0/1,Single,BMDRC-ACCSVR01-RAK-D07.bankmayapada.loca,Gig 1/0/45,WS-C2960S,S I
56,CCPL-RTR,Gig 0/1/0,0x3,CCPL-CORE-SW.bankmayapada.local,Gig 1/0/1,WS-C3850-,R S I
70,MYPD-ARTAJASA,Gig 0/1/0,0x3,BMDC-SW-EXT-OUT.bankmayapada.local,Gig 1/0/34,WS-C2960X,S I
74,MYPD-FINNET,Gig 0/1/0,0x3,BMDC-SW-EXT-OUT.bankmayapada.local,Gig 1/0/32,WS-C2960X,S I
75,MYPD-SGO,Gig 0/1/0,ISR4321/K9,BMDC-SW-EXT-OUT.bankmayapada.local,Gig 1/0/35,WS-C2960X,S I
77,MYPD-TIFHONE,Gig 0/1/0,ISR4321/K9,BMDC-SW-EXT-OUT.bankmayapada.local,Gig 1/0/29,WS-C2960X,S I
71,MYPD-BH-EXT-DIMO,Gig 0/1/1,ISR4321/K9,BMDC-SW-EXT-OUT.bankmayapada.local,Gig 1/0/5,WS-C2960X,S I
51,BMDRC-RTRH2H01,Gig 0/2,Single,BMDRC-EDGE01.bankmayapada.local,Gig 1/0/8,WS-C3850-,R S I
12,BMDC-DEV-DMZ-SW-C4,Gig 1/0/1,,BMDC-DEV-RAKC1,Gig 1/0/47,WS-C2960X,S I
23,BMDC-EGSW-WAN,Gig 1/0/1,Mac,BMDC-RTRWAN-01.bankmayapada.local,Gig 0/0/0,ISR4431/K,R S I
25,BMDC-MGMT-A3,Gig 1/0/1,,BMDC-RTRWAN-01.bankmayapada.local,Gig 0,ISR4431/K,R S I
30,BMDC-RAK-D1-DEV,Gig 1/0/1,,BMDC-DEV-DMZ-SW-C4.bankmayapada.local,Gig 1/0/25,WS-C2960X,S I
48,BMDRC-EXT-INT-RAK-D7,Gig 1/0/1,,BANKMAYA-RT,Gig 0/0/1,ISR4221/K,R S I
55,CCPL-CORE-SW,Gig 1/0/1,,CCPL-RTR.bankmayapada.local,Gig 0/1/0,CISCO2901,R B S
62,CORE-MT2,Gig 1/0/1,,BMDC-P2P-01.bankmayapada.local,Gig 0/0/1,ISR4431/K,R S I
13,BMDC-DIST-MT1,Gig 1/0/10,,BMDC-SW-LT2-NEW.bankmayapada.local,Fas 0,WS-C2960X,S I
36,BMDC-SW-EXT-OUT,Gig 1/0/10,,BMDC-DJP-B.bankmayapada.local,Gig 0/0/0,C8200L-1N,R S I
13,BMDC-DIST-MT1,Gig 1/0/11,,BMDC-ASSW-L3M1-01.bankmayapada.local,Gig 1/0/47,WS-C2960X,S I
25,BMDC-MGMT-A3,Gig 1/0/11,,MYPD-BH-EXT-DIMO.bankmayapada.local,Gig 0,ISR4321/K,R S I
36,BMDC-SW-EXT-OUT,Gig 1/0/11,,ITBACKUP-ALTERRA.bankmayapada.local,Fas 0/1,2801,R S I
47,BMDRC-EDGE01,Gig 1/0/11,,BMDRC-RTRWAN01.bankmayapada.local,Gig 0/0/0,ISR4431/K,R S I
62,CORE-MT2,Gig 1/0/11,,SW-MT2-IT1.bankmayapada.local,Gig 1/0/47,WS-C2960X,S I
13,BMDC-DIST-MT1,Gig 1/0/12,,BMDC-ASSW-L3M1-01.bankmayapada.local,Gig 1/0/48,WS-C2960X,S I
25,BMDC-MGMT-A3,Gig 1/0/12,,BMDC-SW-EXT-OUT.bankmayapada.local,Fas 0,WS-C2960X,S I
33,BMDC-SW-DATACENTER,Gig 1/0/12,,BMDC-SW-ISP-EC.bankmayapada.local,Fas 0,WS-C2960X,S I
47,BMDRC-EDGE01,Gig 1/0/12,,BMDRC-RTRWAN01.bankmayapada.local,Gig 0/0/1,ISR4431/K,R S I
13,BMDC-DIST-MT1,Gig 1/0/13,,BMDC-ASSW-GFM1-01.bankmayapada.local,Gig 1/0/47,WS-C2960X,S I
25,BMDC-MGMT-A3,Gig 1/0/13,,MYPD-DUKCAPIL.bankmayapada.local,Gig 0,ISR4321/K,R S I
36,BMDC-SW-EXT-OUT,Gig 1/0/13,,RO2-AWS-TO-NTT,ether2--TO-BMI,MikroTik,R
55,CCPL-CORE-SW,Gig 1/0/13,,CCPL-SW-01.bankmayapada.local,Gig 1/0/47,WS-C2960S,S I
62,CORE-MT2,Gig 1/0/13,,SW-MT2-IT2.bankmayapada.local,Gig 1/0/48,WS-C2960S,S I
13,BMDC-DIST-MT1,Gig 1/0/14,,BMDC-ASSW-GFM1-01.bankmayapada.local,Gig 1/0/48,WS-C2960X,S I
25,BMDC-MGMT-A3,Gig 1/0/14,,MYPD-STARLINK.bankmayapada.local,Fas 0/1/1,CISCO2901,R B S I
36,BMDC-SW-EXT-OUT,Gig 1/0/14,,RO1-AWS-TO-DCI,ether2-TO-BMI,MikroTik,R
39,BMDC-SW-MGMT-RAK-B1,Gig 1/0/14,,BMDC-NX-02-Admin(FXS2136Q11W),mgmt0,N77-C7706,R S C
39,BMDC-SW-MGMT-RAK-B1,Gig 1/0/14,,BMDC-CORE-02.bankmayapada.local(FXS2136Q11W),mgmt0,N77-C7706,R S C
39,BMDC-SW-MGMT-RAK-B1,Gig 1/0/14,,BMDC-AGGSVR-02.bankmayapada.local(FXS2136Q11W),mgmt0,N77-C7706,R S C
39,BMDC-SW-MGMT-RAK-B1,Gig 1/0/14,,BMDC-OTV-02.bankmayapada.local(FXS2136Q11W),mgmt0,N77-C7706,R S C
55,CCPL-CORE-SW,Gig 1/0/14,,CCPL-SW-01.bankmayapada.local,Gig 1/0/48,WS-C2960S,S I
62,CORE-MT2,Gig 1/0/14,,MT2-LT15-03.bankmayapada.local,Gig 1/0/48,WS-C2960X,S I
13,BMDC-DIST-MT1,Gig 1/0/15,,BMDC-ASSW-L1M1-KIRI.bankmayapada.local,Gig 1/0/23,WS-C2960X,S I
39,BMDC-SW-MGMT-RAK-B1,Gig 1/0/15,,BMDC-ACCSVR-N9K-RAKD1(FDO213317JS),mgmt0,N9K-C9310,R S C
55,CCPL-CORE-SW,Gig 1/0/15,,CCPL-SW-02.bankmayapada.local,Gig 1/0/47,WS-C2960X,S I
62,CORE-MT2,Gig 1/0/15,,MT2-LT15-04.bankmayapada.local,Gig 1/0/48,WS-C2960X,S I
13,BMDC-DIST-MT1,Gig 1/0/16,,BMDC-ASSW-L1M1-KIRI.bankmayapada.local,Gig 1/0/24,WS-C2960X,S I
24,BMDC-F5-ISP-OUT,Gig 1/0/16,,BMDC-F5-ISP-OUT.bankmayapada.local,Gig 2/0/15,WS-C2960X,S I
39,BMDC-SW-MGMT-RAK-B1,Gig 1/0/16,,BMDC-SW-RAK-D1.bankmayapada.local,Fas 0,WS-C2960X,S I
55,CCPL-CORE-SW,Gig 1/0/16,,CCPL-SW-02.bankmayapada.local,Gig 1/0/48,WS-C2960X,S I
62,CORE-MT2,Gig 1/0/16,,MT2-LT10-SW-01.bankmayapada.local,Gig 1/0/48,WS-C2960X,S I
13,BMDC-DIST-MT1,Gig 1/0/17,,BMDC-ASSW-GFM1-01.bankmayapada.local,Gig 1/0/34,WS-C2960X,S I
39,BMDC-SW-MGMT-RAK-B1,Gig 1/0/17,,BMDC-ACCSVR-N9K-RAKC1(FDO213317J8),mgmt0,N9K-C9310,R S C
55,CCPL-CORE-SW,Gig 1/0/17,,CCPL-SW-03.bankmayapada.local,Gig 1/0/48,WS-C2960X,S I
62,CORE-MT2,Gig 1/0/17,,MT2-LT10-SW-02.bankmayapada.local,Gig 1/0/48,WS-C2960X,S I
55,CCPL-CORE-SW,Gig 1/0/18,,CCPL-SW-03.bankmayapada.local,Gig 1/0/47,WS-C2960X,S I
62,CORE-MT2,Gig 1/0/18,,MT2-LT10-SW-03.bankmayapada.local,Gig 1/0/48,WS-C2960X,S I
36,BMDC-SW-EXT-OUT,Gig 1/0/19,,SW-JTPM.bankmayapada.local,Gig 1/0/4,WS-C2960X,S I
39,BMDC-SW-MGMT-RAK-B1,Gig 1/0/19,,BMDC-RAK-D1-DEV.bankmayapada.local,Fas 0,WS-C2960X,S I
55,CCPL-CORE-SW,Gig 1/0/19,,CCPL-SW-04.bankmayapada.local,Gig 1/0/48,WS-C2960X,S I
62,CORE-MT2,Gig 1/0/19,,MT2-LT10-SW-04.bankmayapada.local,Gig 1/0/48,WS-C2960X,S I
12,BMDC-DEV-DMZ-SW-C4,Gig 1/0/2,,BMDC-DEV-RAKC1,Gig 1/0/48,WS-C2960X,S I
13,BMDC-DIST-MT1,Gig 1/0/2,,BMDC-SW-LT2-NEW.bankmayapada.local,Gig 1/0/1,WS-C2960X,S I
23,BMDC-EGSW-WAN,Gig 1/0/2,Mac,BMDC-P2P-01.bankmayapada.local,Gig 0/0/0,ISR4431/K,R S I
25,BMDC-MGMT-A3,Gig 1/0/2,,BMDC-RTRWAN-03.bankmayapada.local,Gig 0,ISR4431/K,R S I
30,BMDC-RAK-D1-DEV,Gig 1/0/2,,BMDC-DEV-DMZ-SW-C4.bankmayapada.local,Gig 1/0/26,WS-C2960X,S I
33,BMDC-SW-DATACENTER,Gig 1/0/2,,BMDC-DEV-DMZ-SW-C4.bankmayapada.local,Gig 1/0/44,WS-C2960X,S I
62,CORE-MT2,Gig 1/0/2,,BMDC-P2P-02.bankmayapada.local,Gig 0/0/1,ISR4431/K,R S I
36,BMDC-SW-EXT-OUT,Gig 1/0/20,,SW-JTPM.bankmayapada.local,Gig 1/0/8,WS-C2960X,S I
62,CORE-MT2,Gig 1/0/20,,MT2-LT10-SW-05.bankmayapada.local,Gig 1/0/48,WS-C2960X,S I
13,BMDC-DIST-MT1,Gig 1/0/21,,BMDC-SW-DATACENTER.bankmayapada.local,Gig 1/0/47,WS-C2960S,S I
55,CCPL-CORE-SW,Gig 1/0/21,,CCPL-SW-05.bankmayapada.local,Gig 1/0/47,WS-C2960X,S I
13,BMDC-DIST-MT1,Gig 1/0/22,,BMDC-SW-DATACENTER.bankmayapada.local,Gig 1/0/48,WS-C2960S,S I
39,BMDC-SW-MGMT-RAK-B1,Gig 1/0/22,,BMDC-SW-EC-DMZ.bankmayapada.local,Fas 0,WS-C2960X,S I
55,CCPL-CORE-SW,Gig 1/0/22,,CCPL-SW-05.bankmayapada.local,Gig 1/0/48,WS-C2960X,S I
62,CORE-MT2,Gig 1/0/22,,MT2-LT10-SW-06.bankmayapada.local,Gig 1/0/48,WS-C2960X,S I
78,SW-JTPM,Gig 1/0/22,,BMDC-SW-EXT-OUT.bankmayapada.local,Gig 2/0/16,WS-C2960X,S I
6,BMDC-ASSW-L1M1-KANAN,Gig 1/0/23,,BMDC-DIST-MT1.bankmayapada.local,Gig 1/0/3,WS-C3850-,R S I
7,BMDC-ASSW-L1M1-KIRI,Gig 1/0/23,,BMDC-DIST-MT1.bankmayapada.local,Gig 1/0/15,WS-C3850-,R S I
13,BMDC-DIST-MT1,Gig 1/0/23,,BMDC-SW-MGMT-RAK-B1.bankmayapada.local,Gig 1/0/47,WS-C2960X,S I
20,BMDC-EGSW-EC-01,Gig 1/0/23,,BMDC-CORE-01.bankmayapada.local(FXS1943Q3EM),Eth 1/9,N77-C7706,R S C
21,BMDC-EGSW-EXT-01,Gig 1/0/23,,BMDC-CORE-01.bankmayapada.local(FXS1943Q3EM),Eth 1/5,N77-C7706,R S C
22,BMDC-EGSW-IC-01,Gig 1/0/23,Mac,BMDC-CORE-01.bankmayapada.local(FXS1943Q3EM),Eth 1/10,N77-C7706,R S C
23,BMDC-EGSW-WAN,Gig 1/0/23,Mac,BMDC-CORE-01.bankmayapada.local(FXS1943Q3EM),Eth 1/15,N77-C7706,R S C
33,BMDC-SW-DATACENTER,Gig 1/0/23,,BMDC-SW-IC-DMZ.bankmayapada.local,Fas 0,WS-C2960X,S I
36,BMDC-SW-EXT-OUT,Gig 1/0/23,,MYPD-DUKCAPIL.bankmayapada.local,Gig 0/1/0,ISR4321/K,R S I
47,BMDRC-EDGE01,Gig 1/0/23,,BMDRC-CORE01(JAF1801ARAG),Eth 3/10,N7K-C7009,R S C
48,BMDRC-EXT-INT-RAK-D7,Gig 1/0/23,,RO1-BMI-UPH-TO-NTT,ether2-To-DRC-Mayapada,MikroTik,R
6,BMDC-ASSW-L1M1-KANAN,Gig 1/0/24,,BMDC-DIST-MT1.bankmayapada.local,Gig 1/0/4,WS-C3850-,R S I
7,BMDC-ASSW-L1M1-KIRI,Gig 1/0/24,,BMDC-DIST-MT1.bankmayapada.local,Gig 1/0/16,WS-C3850-,R S I
13,BMDC-DIST-MT1,Gig 1/0/24,,BMDC-SW-MGMT-RAK-B1.bankmayapada.local,Gig 1/0/48,WS-C2960X,S I
20,BMDC-EGSW-EC-01,Gig 1/0/24,,BMDC-CORE-02.bankmayapada.local(FXS2136Q11W),Eth 1/11,N77-C7706,R S C
21,BMDC-EGSW-EXT-01,Gig 1/0/24,,BMDC-CORE-02.bankmayapada.local(FXS2136Q11W),Eth 1/13,N77-C7706,R S C
22,BMDC-EGSW-IC-01,Gig 1/0/24,Mac,BMDC-CORE-02.bankmayapada.local(FXS2136Q11W),Eth 1/10,N77-C7706,R S C
23,BMDC-EGSW-WAN,Gig 1/0/24,Mac,BMDC-CORE-02.bankmayapada.local(FXS2136Q11W),Eth 1/15,N77-C7706,R S C
47,BMDRC-EDGE01,Gig 1/0/24,,BMDRC-CORE01(JAF1801ARAG),Eth 4/10,N7K-C7009,R S C
48,BMDRC-EXT-INT-RAK-D7,Gig 1/0/24,,RO2-BMI-UPH-TO-DCI,ether2-To-Mayapada,MikroTik,R
12,BMDC-DEV-DMZ-SW-C4,Gig 1/0/25,,BMDC-RAK-D1-DEV.bankmayapada.local,Gig 1/0/1,WS-C2960X,S I
36,BMDC-SW-EXT-OUT,Gig 1/0/25,,MYPD-BI.bankmayapada.local,Fas 0/1,WS-C3560-,R S I
39,BMDC-SW-MGMT-RAK-B1,Gig 1/0/25,,BMDC-EGSW-EC-01.bankmayapada.local,Gig 0/0,WS-C3850-,R S I
12,BMDC-DEV-DMZ-SW-C4,Gig 1/0/26,,BMDC-RAK-D1-DEV.bankmayapada.local,Gig 1/0/2,WS-C2960X,S I
36,BMDC-SW-EXT-OUT,Gig 1/0/26,,ISR-IT-BACKUP.bankmayapada.local,Gig 0/1/0,ISR4321/K,R S I
12,BMDC-DEV-DMZ-SW-C4,Gig 1/0/27,,BMDC-RAK-D1-DEV.bankmayapada.local,Gig 1/0/3,WS-C2960X,S I
36,BMDC-SW-EXT-OUT,Gig 1/0/27,,SW-JTPM.bankmayapada.local,Gig 1/0/3,WS-C2960X,S I
39,BMDC-SW-MGMT-RAK-B1,Gig 1/0/27,,BMDC-EC-IC-IB-OUT.bankmayapada.local,Fas 0,WS-C2960X,S I
12,BMDC-DEV-DMZ-SW-C4,Gig 1/0/28,,BMDC-RAK-D1-DEV.bankmayapada.local,Gig 1/0/4,WS-C2960X,S I
36,BMDC-SW-EXT-OUT,Gig 1/0/28,,MYPD-KEMENKEU.bankmayapada.local,Gig 0/0/0,CISCO2901,R B S I
12,BMDC-DEV-DMZ-SW-C4,Gig 1/0/29,,BMDC-RAK-D1-DEV.bankmayapada.local,Gig 1/0/5,WS-C2960X,S I
36,BMDC-SW-EXT-OUT,Gig 1/0/29,,MYPD-TIFHONE.bankmayapada.local,Gig 0/1/0,ISR4321/K,R S I
13,BMDC-DIST-MT1,Gig 1/0/3,,BMDC-ASSW-L1M1-KANAN.bankmayapada.local,Gig 1/0/23,WS-C2960X,S I
30,BMDC-RAK-D1-DEV,Gig 1/0/3,,BMDC-DEV-DMZ-SW-C4.bankmayapada.local,Gig 1/0/27,WS-C2960X,S I
62,CORE-MT2,Gig 1/0/3,,SW-MT2-SVR.bankmayapada.local,Gig 1/0/48,WS-C2960X,S I
78,SW-JTPM,Gig 1/0/3,,BMDC-SW-EXT-OUT.bankmayapada.local,Gig 1/0/27,WS-C2960X,S I
12,BMDC-DEV-DMZ-SW-C4,Gig 1/0/30,,BMDC-RAK-D1-DEV.bankmayapada.local,Gig 1/0/6,WS-C2960X,S I
33,BMDC-SW-DATACENTER,Gig 1/0/30,,BMDC-SW-EXT-DMZ.bankmayapada.local,Fas 0,WS-C2960X,S I
36,BMDC-SW-EXT-OUT,Gig 1/0/30,,MYPD-STARLINK.bankmayapada.local,Fas 0/1/0,CISCO2901,R B S I
39,BMDC-SW-MGMT-RAK-B1,Gig 1/0/30,,BMDC-EGSW-IC-01.bankmayapada.local,Gig 0/0,WS-C3850-,R S I
33,BMDC-SW-DATACENTER,Gig 1/0/31,,BMDC-DIST-MT1.bankmayapada.local,Gig 0/0,WS-C3850-,R S I
36,BMDC-SW-EXT-OUT,Gig 1/0/32,,MYPD-FINNET.bankmayapada.local,Gig 0/1/0,CISCO2901,R S I
36,BMDC-SW-EXT-OUT,Gig 1/0/33,,EFT-MAYAPADA-TOWER.primacom.co.id,Gig 0/1/0,CISCO1941,R B S
39,BMDC-SW-MGMT-RAK-B1,Gig 1/0/33,,BMDC-EGSW-WAN.bankmayapada.local,Gig 0/0,WS-C3850-,R S I
41,BMDRC-ACCSVR-RAKC5,Gig 1/0/33,,SW-TORBIFDRC-01.bankmayapada.local,Gig 1/0/23,C1000-24T,S I
5,BMDC-ASSW-GFM1-01,Gig 1/0/34,,BMDC-DIST-MT1.bankmayapada.local,Gig 1/0/17,WS-C3850-,R S I
33,BMDC-SW-DATACENTER,Gig 1/0/34,,BMDC-DEV-RAKC1,Fas 0,WS-C2960X,S I
36,BMDC-SW-EXT-OUT,Gig 1/0/34,,MYPD-ARTAJASA.bankmayapada.local,Gig 0/1/0,CISCO2901,R S I
41,BMDRC-ACCSVR-RAKC5,Gig 1/0/34,,SW-TORBIFDRC-01.bankmayapada.local,Gig 1/0/24,C1000-24T,S I
42,BMDRC-ACCSVR01-RAK-D07,Gig 1/0/34,,BMDRC-RTR-EC-01.bankmayapada.local,Gig 0,ISR4431/K,R S I
33,BMDC-SW-DATACENTER,Gig 1/0/35,,BMDC-F5-ISP-OUT.bankmayapada.local,Fas 0,WS-C2960X,S I
36,BMDC-SW-EXT-OUT,Gig 1/0/35,,MYPD-SGO.bankmayapada.local,Gig 0/1/0,ISR4321/K,R S I
41,BMDRC-ACCSVR-RAKC5,Gig 1/0/35,,SW-TORBIFDRC-02.bankmayapada.local,Gig 1/0/23,C1000-24T,S I
42,BMDRC-ACCSVR01-RAK-D07,Gig 1/0/35,,BMDRC-SW-EC-OUT.bankmayapada.local,Fas 0,WS-C2960X,S I
39,BMDC-SW-MGMT-RAK-B1,Gig 1/0/36,,BMDC-EGSW-EXT-01.bankmayapada.local,Gig 0/0,WS-C3850-,R S I
41,BMDRC-ACCSVR-RAKC5,Gig 1/0/36,,SW-TORBIFDRC-02.bankmayapada.local,Gig 1/0/24,C1000-24T,S I
42,BMDRC-ACCSVR01-RAK-D07,Gig 1/0/36,,BMDRC-SW-EC-DMZ-RAKC6.bankmayapada.local,Fas 0,WS-C2960X,S I
69,MT2-LT15-04,Gig 1/0/36,,SW-MT2-16-01.bankmayapada.local,Gig 1/0/47,WS-C2960X,S I
25,BMDC-MGMT-A3,Gig 1/0/37,,BMDC-EGSW-DEV-01.bankmayapada.local,Fas 0/20,WS-C3560-,R S I
42,BMDRC-ACCSVR01-RAK-D07,Gig 1/0/37,,BMDRC-ACCSVR-RAKC5.bankmayapada.local,Fas 0,WS-C2960X,S I
48,BMDRC-EXT-INT-RAK-D7,Gig 1/0/37,,EFT-DRC-MAYAPADA,Gig 0/1/0,ISR4321/K,R S I
69,MT2-LT15-04,Gig 1/0/37,,MT2-LT16-02.bankmayapada.local,Gig 1/0/47,WS-C2960S,S I
42,BMDRC-ACCSVR01-RAK-D07,Gig 1/0/38,,BMDRC-ACCSVR04-RAKC6.bankmayapada.local,Fas 0,WS-C2960X,S I
48,BMDRC-EXT-INT-RAK-D7,Gig 1/0/38,,BMDRC-RTRH2H01.bankmayapada.com,Fas 0/1/1,CISCO2951,R S I
69,MT2-LT15-04,Gig 1/0/38,,SW-MT2-16-03.bankmayapada.local,Gig 1/0/47,WS-C2960X,S I
42,BMDRC-ACCSVR01-RAK-D07,Gig 1/0/39,,BMDRC-ACCSVR02-RAK-D06.bankmayapada.loca,Fas 0,WS-C2960X,S I
13,BMDC-DIST-MT1,Gig 1/0/4,,BMDC-ASSW-L1M1-KANAN.bankmayapada.local,Gig 1/0/24,WS-C2960X,S I
25,BMDC-MGMT-A3,Gig 1/0/4,,SW-JTPM.bankmayapada.local,Fas 0,WS-C2960X,S I
30,BMDC-RAK-D1-DEV,Gig 1/0/4,,BMDC-DEV-DMZ-SW-C4.bankmayapada.local,Gig 1/0/28,WS-C2960X,S I
62,CORE-MT2,Gig 1/0/4,,SW-MT2-LT9.bankmayapada.local,Gig 1/0/48,WS-C2960S,S I
78,SW-JTPM,Gig 1/0/4,,BMDC-SW-EXT-OUT.bankmayapada.local,Gig 1/0/19,WS-C2960X,S I
25,BMDC-MGMT-A3,Gig 1/0/40,,BMDC-P2P-02.bankmayapada.local,Gig 0,ISR4431/K,R S I
42,BMDRC-ACCSVR01-RAK-D07,Gig 1/0/40,,BMDRC-RTRWAN01.bankmayapada.local,Gig 0,ISR4431/K,R S I
48,BMDRC-EXT-INT-RAK-D7,Gig 1/0/40,,BMDRC-RTRH2H01.bankmayapada.com,Fas 0/2/0,CISCO2951,R S I
19,BMDC-EC-SW-IB-CP,Gig 1/0/41,,BMDC-SW-MGMT-RAK-B1.bankmayapada.local,Gig 1/0/9,WS-C2960X,S I
39,BMDC-SW-MGMT-RAK-B1,Gig 1/0/42,,BMDC-OTV-01.bankmayapada.local(FXS1943Q3EM),mgmt0,N77-C7706,R S C
39,BMDC-SW-MGMT-RAK-B1,Gig 1/0/42,,BMDC-EDGE-01.bankmayapada.local(FXS1943Q3EM),mgmt0,N77-C7706,R S C
39,BMDC-SW-MGMT-RAK-B1,Gig 1/0/42,,BMDC-CORE-01.bankmayapada.local(FXS1943Q3EM),mgmt0,N77-C7706,R S C
39,BMDC-SW-MGMT-RAK-B1,Gig 1/0/42,,BMDC-NX-01-Admin(FXS1943Q3EM),mgmt0,N77-C7706,R S C
39,BMDC-SW-MGMT-RAK-B1,Gig 1/0/42,,BMDC-AGGSVR-01.bankmayapada.local(FXS1943Q3EM),mgmt0,N77-C7706,R S C
25,BMDC-MGMT-A3,Gig 1/0/43,,BMDC-EC-RTR-IB.bankmayapada.local,Gig 0,ISR4431/K,R S I
42,BMDRC-ACCSVR01-RAK-D07,Gig 1/0/43,,BMDRC-EXT-INT-RAK-D7.bankmayapada.local,Fas 0,WS-C2960X,S I
12,BMDC-DEV-DMZ-SW-C4,Gig 1/0/44,,BMDC-SW-DATACENTER.bankmayapada.local,Gig 1/0/2,WS-C2960S,S I
25,BMDC-MGMT-A3,Gig 1/0/44,,BMDC-EC-RTR-01.bankmayapada.local,Gig 0,ISR4431/K,R S I
86,SW-MT2-IT2,Gig 1/0/44,,MikroTik,bridge/ether2,MikroTik,R
25,BMDC-MGMT-A3,Gig 1/0/45,,MYPD-LINKNET-IB.bankmayapada.local,Gig 0,ISR4321/K,R S I
33,BMDC-SW-DATACENTER,Gig 1/0/45,,BMDC-SW-LT2-NEW.bankmayapada.local,Gig 1/0/46,WS-C2960X,S I
42,BMDRC-ACCSVR01-RAK-D07,Gig 1/0/45,,BMDRC-RTRH2H01.bankmayapada.com,Gig 0/1,CISCO2951,R S I
89,SW-MT2-SVR,Gig 1/0/45,,MT2-DEV-DMZ1.bankmayapada.local,Fas 0,WS-C2960S,S I
17,BMDC-EC-SW-DMZIB-T1,Gig 1/0/46,,BMDC-SW-MGMT-RAK-B1.bankmayapada.local,Gig 1/0/7,WS-C2960X,S I
18,BMDC-EC-SW-DMZIB-T2,Gig 1/0/46,,BMDC-SW-MGMT-RAK-B1.bankmayapada.local,Gig 1/0/8,WS-C2960X,S I
25,BMDC-MGMT-A3,Gig 1/0/46,,BMDC-P2P-01.bankmayapada.local,Gig 0,ISR4431/K,R S I
42,BMDRC-ACCSVR01-RAK-D07,Gig 1/0/46,,BMDRC-EDGE01.bankmayapada.local,Gig 0/0,WS-C3850-,R S I
5,BMDC-ASSW-GFM1-01,Gig 1/0/47,,BMDC-DIST-MT1.bankmayapada.local,Gig 1/0/13,WS-C3850-,R S I
8,BMDC-ASSW-L3M1-01,Gig 1/0/47,,BMDC-DIST-MT1.bankmayapada.local,Gig 1/0/11,WS-C3850-,R S I
11,BMDC-CZ-DMZ-01,Gig 1/0/47,,BMDC-DIST-MT1.bankmayapada.local,Gig 1/0/5,WS-C3850-,R S I
33,BMDC-SW-DATACENTER,Gig 1/0/47,,BMDC-DIST-MT1.bankmayapada.local,Gig 1/0/21,WS-C3850-,R S I
39,BMDC-SW-MGMT-RAK-B1,Gig 1/0/47,,BMDC-DIST-MT1.bankmayapada.local,Gig 1/0/23,WS-C3850-,R S I
40,BMDC-SW-RAK-D1,Gig 1/0/47,,BMDC-AGGSVR-01.bankmayapada.local(FXS1943Q3EM),Eth 1/40,N77-C7706,R S I C
41,BMDRC-ACCSVR-RAKC5,Gig 1/0/47,,BMDRC-AGGRSVR01.bankmayapada.local(JAF1801ARAG),Eth 4/29,N7K-C7009,R S I C
42,BMDRC-ACCSVR01-RAK-D07,Gig 1/0/47,,BMDRC-OTV01.bankmayapada.local(JAF1801ARAG),mgmt0,N7K-C7009,R S C
42,BMDRC-ACCSVR01-RAK-D07,Gig 1/0/47,,BMDRC-AGGRSVR01.bankmayapada.local(JAF1801ARAG),mgmt0,N7K-C7009,R S C
42,BMDRC-ACCSVR01-RAK-D07,Gig 1/0/47,,BMDRC-N7KADM.bankmayapada.local(JAF1801ARAG),mgmt0,N7K-C7009,R S C
42,BMDRC-ACCSVR01-RAK-D07,Gig 1/0/47,,BMDRC-CORE01(JAF1801ARAG),mgmt0,N7K-C7009,R S C
43,BMDRC-ACCSVR02-RAK-D06,Gig 1/0/47,,BMDRC-AGGRSVR01.bankmayapada.local(JAF1801ARAG),Eth 3/27,N7K-C7009,R S I C
44,BMDRC-ACCSVR04-RAKC6,Gig 1/0/47,,BMDRC-AGGRSVR01.bankmayapada.local(JAF1801ARAG),Eth 3/30,N7K-C7009,R S I C
57,CCPL-SW-01,Gig 1/0/47,,CCPL-CORE-SW.bankmayapada.local,Gig 1/0/13,WS-C3850-,R S I
58,CCPL-SW-02,Gig 1/0/47,,CCPL-CORE-SW.bankmayapada.local,Gig 1/0/15,WS-C3850-,R S I
59,CCPL-SW-03,Gig 1/0/47,,CCPL-CORE-SW.bankmayapada.local,Gig 1/0/18,WS-C3850-,R S I
61,CCPL-SW-05,Gig 1/0/47,,CCPL-CORE-SW.bankmayapada.local,Gig 1/0/21,WS-C3850-,R S I
79,SW-MT2-16-01,Gig 1/0/47,,MT2-LT15-04.bankmayapada.local,Gig 1/0/36,WS-C2960X,S I
80,SW-MT2-16-03,Gig 1/0/47,,MT2-LT15-04.bankmayapada.local,Gig 1/0/38,WS-C2960X,S I
81,SW-MT2-21-04,Gig 1/0/47,,CORE-MT2.bankmayapada.local,Gig 1/1/1,WS-C3850-,R S I
83,SW-MT2-AUDIT2,Gig 1/0/47,,SW-MT2-HRD.bankmayapada.local,Gig 1/0/47,WS-C2960S,S I
84,SW-MT2-HRD,Gig 1/0/47,,SW-MT2-AUDIT2.bankmayapada.local,Gig 1/0/47,WS-C2960S,S I
85,SW-MT2-IT1,Gig 1/0/47,,CORE-MT2.bankmayapada.local,Gig 1/0/11,WS-C3850-,R S I
90,SW-RAKC4-15,Gig 1/0/47,,BMDC-AGGSVR-01.bankmayapada.local(FXS1943Q3EM),Eth 1/30,N77-C7706,R S I C
5,BMDC-ASSW-GFM1-01,Gig 1/0/48,,BMDC-DIST-MT1.bankmayapada.local,Gig 1/0/14,WS-C3850-,R S I
8,BMDC-ASSW-L3M1-01,Gig 1/0/48,,BMDC-DIST-MT1.bankmayapada.local,Gig 1/0/12,WS-C3850-,R S I
25,BMDC-MGMT-A3,Gig 1/0/48,,BMDC-DIST-MT1.bankmayapada.local,Gig 1/0/9,WS-C3850-,R S I
33,BMDC-SW-DATACENTER,Gig 1/0/48,,BMDC-DIST-MT1.bankmayapada.local,Gig 1/0/22,WS-C3850-,R S I
39,BMDC-SW-MGMT-RAK-B1,Gig 1/0/48,,BMDC-DIST-MT1.bankmayapada.local,Gig 1/0/24,WS-C3850-,R S I
41,BMDRC-ACCSVR-RAKC5,Gig 1/0/48,,BMDRC-AGGRSVR01.bankmayapada.local(JAF1801ARAG),Eth 3/29,N7K-C7009,R S I C
43,BMDRC-ACCSVR02-RAK-D06,Gig 1/0/48,,BMDRC-AGGRSVR01.bankmayapada.local(JAF1801ARAG),Eth 4/27,N7K-C7009,R S I C
44,BMDRC-ACCSVR04-RAKC6,Gig 1/0/48,,BMDRC-AGGRSVR01.bankmayapada.local(JAF1801ARAG),Eth 4/30,N7K-C7009,R S I C
57,CCPL-SW-01,Gig 1/0/48,,CCPL-CORE-SW.bankmayapada.local,Gig 1/0/14,WS-C3850-,R S I
58,CCPL-SW-02,Gig 1/0/48,,CCPL-CORE-SW.bankmayapada.local,Gig 1/0/16,WS-C3850-,R S I
59,CCPL-SW-03,Gig 1/0/48,,CCPL-CORE-SW.bankmayapada.local,Gig 1/0/17,WS-C3850-,R S I
60,CCPL-SW-04,Gig 1/0/48,,CCPL-CORE-SW.bankmayapada.local,Gig 1/0/19,WS-C3850-,R S I
61,CCPL-SW-05,Gig 1/0/48,,CCPL-CORE-SW.bankmayapada.local,Gig 1/0/22,WS-C3850-,R S I
63,MT2-LT10-SW-01,Gig 1/0/48,,CORE-MT2.bankmayapada.local,Gig 1/0/16,WS-C3850-,R S I
64,MT2-LT10-SW-02,Gig 1/0/48,,CORE-MT2.bankmayapada.local,Gig 1/0/17,WS-C3850-,R S I
65,MT2-LT10-SW-03,Gig 1/0/48,,CORE-MT2.bankmayapada.local,Gig 1/0/18,WS-C3850-,R S I
66,MT2-LT10-SW-04,Gig 1/0/48,,CORE-MT2.bankmayapada.local,Gig 1/0/19,WS-C3850-,R S I
67,MT2-LT10-SW-05,Gig 1/0/48,,CORE-MT2.bankmayapada.local,Gig 1/0/20,WS-C3850-,R S I
68,MT2-LT10-SW-06,Gig 1/0/48,,CORE-MT2.bankmayapada.local,Gig 1/0/22,WS-C3850-,R S I
69,MT2-LT15-04,Gig 1/0/48,,CORE-MT2.bankmayapada.local,Gig 1/0/15,WS-C3850-,R S I
82,SW-MT2-AUDIT1,Gig 1/0/48,,CORE-MT2.bankmayapada.local,Gig 1/1/2,WS-C3850-,R S I
83,SW-MT2-AUDIT2,Gig 1/0/48,,CORE-MT2.bankmayapada.local,Gig 1/1/3,WS-C3850-,R S I
84,SW-MT2-HRD,Gig 1/0/48,,CORE-MT2.bankmayapada.local,Gig 1/1/4,WS-C3850-,R S I
86,SW-MT2-IT2,Gig 1/0/48,,CORE-MT2.bankmayapada.local,Gig 1/0/13,WS-C3850-,R S I
87,SW-MT2-LT9,Gig 1/0/48,,CORE-MT2.bankmayapada.local,Gig 1/0/4,WS-C3850-,R S I
88,SW-MT2-LT9-02,Gig 1/0/48,,CORE-MT2.bankmayapada.local,Gig 1/0/5,WS-C3850-,R S I
89,SW-MT2-SVR,Gig 1/0/48,,CORE-MT2.bankmayapada.local,Gig 1/0/3,WS-C3850-,R S I
90,SW-RAKC4-15,Gig 1/0/48,,BMDC-AGGSVR-02.bankmayapada.local(FXS2136Q11W),Eth 1/28,N77-C7706,R S I C
42,BMDRC-ACCSVR01-RAK-D07,Gig 1/0/49,,BMDRC-AGGRSVR01.bankmayapada.local(JAF1801ARAG),Eth 3/26,N7K-C7009,R S I C
13,BMDC-DIST-MT1,Gig 1/0/5,,BMDC-CZ-DMZ-01.bankmayapada.local,Gig 1/0/47,WS-C2960X,S I
23,BMDC-EGSW-WAN,Gig 1/0/5,Mac,BMDC-P2P-02.bankmayapada.local,Gig 0/0/0,ISR4431/K,R S I
25,BMDC-MGMT-A3,Gig 1/0/5,,MYPD-SGO.bankmayapada.local,Gig 0,ISR4321/K,R S I
30,BMDC-RAK-D1-DEV,Gig 1/0/5,,BMDC-DEV-DMZ-SW-C4.bankmayapada.local,Gig 1/0/29,WS-C2960X,S I
36,BMDC-SW-EXT-OUT,Gig 1/0/5,,MYPD-BH-EXT-DIMO.bankmayapada.local,Gig 0/1/1,ISR4321/K,R S I
62,CORE-MT2,Gig 1/0/5,,SW-MT2-LT9-02.bankmayapada.local,Gig 1/0/48,WS-C2960X,S I
42,BMDRC-ACCSVR01-RAK-D07,Gig 1/0/50,,BMDRC-AGGRSVR01.bankmayapada.local(JAF1801ARAG),Eth 4/26,N7K-C7009,R S I C
23,BMDC-EGSW-WAN,Gig 1/0/6,Mac,BMDC-RTRWAN-03.bankmayapada.local,Gig 0/0/0,ISR4431/K,R S I
25,BMDC-MGMT-A3,Gig 1/0/6,,MYPD-TIFHONE.bankmayapada.local,Gig 0,ISR4321/K,R S I
30,BMDC-RAK-D1-DEV,Gig 1/0/6,,BMDC-DEV-DMZ-SW-C4.bankmayapada.local,Gig 1/0/30,WS-C2960X,S I
33,BMDC-SW-DATACENTER,Gig 1/0/6,,BMDC-RTR-ISP2.bankmayapada.local,Gig 0/3/0,CISCO3945,R S I
39,BMDC-SW-MGMT-RAK-B1,Gig 1/0/6,,SW-RAKC4-15.bankmayapada.local,Fas 0,WS-C2960X,S I
39,BMDC-SW-MGMT-RAK-B1,Gig 1/0/7,,BMDC-EC-SW-DMZIB-T1.bankmayapada.local,Gig 1/0/46,WS-C2960X,S I
47,BMDRC-EDGE01,Gig 1/0/7,,BMDRC-RTRH2H01.bankmayapada.com,Gig 0/0,CISCO2951,R S I
24,BMDC-F5-ISP-OUT,Gig 1/0/8,,BMDC-RTR-ISP2.bankmayapada.local,Gig 0/1,CISCO3945,R S I
25,BMDC-MGMT-A3,Gig 1/0/8,,ISR-IT-BACKUP.bankmayapada.local,Gig 0,ISR4321/K,R S I
39,BMDC-SW-MGMT-RAK-B1,Gig 1/0/8,,BMDC-EC-SW-DMZIB-T2.bankmayapada.local,Gig 1/0/46,WS-C2960X,S I
47,BMDRC-EDGE01,Gig 1/0/8,,BMDRC-RTRH2H01.bankmayapada.com,Gig 0/2,CISCO2951,R S I
78,SW-JTPM,Gig 1/0/8,,BMDC-SW-EXT-OUT.bankmayapada.local,Gig 1/0/20,WS-C2960X,S I
13,BMDC-DIST-MT1,Gig 1/0/9,,BMDC-MGMT-A3.bankmayapada.local,Gig 1/0/48,WS-C2960X,S I
25,BMDC-MGMT-A3,Gig 1/0/9,,MYPD-BI.bankmayapada.local,Fas 0/24,WS-C3560-,R S I
39,BMDC-SW-MGMT-RAK-B1,Gig 1/0/9,,BMDC-EC-SW-IB-CP.bankmayapada.local,Gig 1/0/41,WS-C2960S,S I
62,CORE-MT2,Gig 1/1/1,,SW-MT2-21-04.bankmayapada.local,Gig 1/0/47,WS-C2960X,S I
62,CORE-MT2,Gig 1/1/2,,SW-MT2-AUDIT1.bankmayapada.local,Gig 1/0/48,WS-C2960S,S I
62,CORE-MT2,Gig 1/1/3,,SW-MT2-AUDIT2.bankmayapada.local,Gig 1/0/48,WS-C2960S,S I
62,CORE-MT2,Gig 1/1/4,,SW-MT2-HRD.bankmayapada.local,Gig 1/0/48,WS-C2960S,S I
24,BMDC-F5-ISP-OUT,Gig 2/0/15,,BMDC-F5-ISP-OUT.bankmayapada.local,Gig 1/0/16,WS-C2960X,S I
36,BMDC-SW-EXT-OUT,Gig 2/0/16,,SW-JTPM.bankmayapada.local,Gig 1/0/22,WS-C2960X,S I
24,BMDC-F5-ISP-OUT,Gig 2/0/19,,MYPD-LINKNET-IB.bankmayapada.local,Gig 0/0/1,ISR4321/K,R S I
24,BMDC-F5-ISP-OUT,Gig 2/0/20,,MYPD-LINKNET-IB.bankmayapada.local,Gig 0/2/0,ISR4321/K,R S I
20,BMDC-EGSW-EC-01,Gig 2/0/23,,BMDC-CORE-01.bankmayapada.local(FXS1943Q3EM),Eth 1/8,N77-C7706,R S C
20,BMDC-EGSW-EC-01,Gig 2/0/24,,BMDC-CORE-02.bankmayapada.local(FXS2136Q11W),Eth 1/12,N77-C7706,R S C
24,BMDC-F5-ISP-OUT,Gig 2/0/4,,MikroTik,br-28/ether1==>CRT2001002593,MikroTik,R
24,BMDC-F5-ISP-OUT,Gig 2/0/7,,MAYAPADA-rt,Gig 0/1,CISCO1941,R S I
1,BMDC-ACCSVR-N9K-RAKC1,mgmt0,,BMDC-SW-MGMT-RAK-B1.bankmayapada.local,Gig1/0/17,WS-C2960X-48T,S I
2,BMDC-ACCSVR-N9K-RAKD1,mgmt0,,BMDC-SW-MGMT-RAK-B1.bankmayapada.local,Gig1/0/15,WS-C2960X-48T,S I
3,BMDC-AGGSVR-01,mgmt0,,BMDC-SW-MGMT-RAK-B1.bankmayapada.local,Gig1/0/42,WS-C2960X-48T,S I
4,BMDC-AGGSVR-02,mgmt0,,BMDC-SW-MGMT-RAK-B1.bankmayapada.local,Gig1/0/14,WS-C2960X-48T,S I
9,BMDC-CORE-01,mgmt0,,BMDC-SW-MGMT-RAK-B1.bankmayapada.local,Gig1/0/42,WS-C2960X-48T,S I
10,BMDC-CORE-02,mgmt0,,BMDC-SW-MGMT-RAK-B1.bankmayapada.local,Gig1/0/14,WS-C2960X-48T,S I
26,BMDC-OTV-01,mgmt0,,BMDC-SW-MGMT-RAK-B1.bankmayapada.local,Gig1/0/42,WS-C2960X-48T,S I
27,BMDC-OTV-02,mgmt0,,BMDC-SW-MGMT-RAK-B1.bankmayapada.local,Gig1/0/14,WS-C2960X-48T,S I
45,BMDRC-AGGRSVR01,mgmt0,,BMDRC-ACCSVR01-RAK-D07.bankmayapada.loca,Gig1/0/47,WS-C2960S-48T,S I
46,BMDRC-CORE01,mgmt0,,BMDRC-ACCSVR01-RAK-D07.bankmayapada.loca,Gig1/0/47,WS-C2960S-48T,S I
49,BMDRC-OTV01,mgmt0,,BMDRC-ACCSVR01-RAK-D07.bankmayapada.loca,Gig1/0/47,WS-C2960S-48T,S I
13,BMDC-DIST-MT1,Ten 1/1/3,,BMDC-CORE-01.bankmayapada.local(FXS1943Q3EM),Eth 1/11,N77-C7706,R S C
13,BMDC-DIST-MT1,Ten 1/1/4,,BMDC-CORE-02.bankmayapada.local(FXS2136Q11W),Eth 1/16,N77-C7706,R S C
